535.29056300228751,0.699999988079071
535.3202472897392,0.20000000298023224
535.34993093753314,3.7000000476837158
535.37961394553827,-0.30000001192092896
535.4092963136236,3.2999999523162842
535.43897804165817,-1.6000000238418579
535.46865912951091,-0.89999997615814209
535.49833957705073,1
535.52801938414689,5.1999998092651367
535.55769855066808,0.20000000298023224
535.58737707648368,2.7999999523162842
535.61705496146249,4.9000000953674316
535.64673220547365,0.800000011920929
535.67640880838621,3.2000000476837158
535.70608477006942,0.60000002384185791
535.73576009039209,4
535.76543476922336,3.2999999523162842
535.79510880643238,1.1000000238418579
535.82478220188841,6.0999999046325684
535.85445495546037,4.4000000953674316
535.88412706701752,8.3000001907348633
535.91379853642889,3.5
535.94346936356374,4.3000001907348633
535.9731395482911,5.0999999046325684
536.00280909048035,3.2999999523162842
536.03247799000053,1.2999999523162842
536.06214624672089,7.4000000953674316
536.09181386051068,1.1000000238418579
536.12148083123907,4.4000000953674316
536.1511471587753,5.1999998092651367
536.18081284298853,4.5999999046325684
536.210477883748,6.4000000953674316
536.24014228092312,7.5999999046325684
536.26980603438312,1.7000000476837158
536.299469143997,3.7999999523162842
536.32913160963449,5.5
536.35879343116483,4.1999998092651367
536.388454608457,3.9000000953674316
536.41811514138055,4.3000001907348633
536.44777502980469,3.7000000476837158
536.47743427359887,3.9000000953674316
536.50709287263248,5.9000000953674316
536.53675082677466,2.7999999523162842
536.56640813589513,2.5
536.596064799863,3.5999999046325684
536.62572081854773,9.1000003814697266
536.65537619181873,6.1999998092651367
536.6850309195454,1.3999999761581421
536.71468500159722,4.8000001907348633
536.74433843784368,2.9000000953674316
536.77399122815393,3.2000000476837158
536.8036433723978,7.5
536.83329487044432,6.6999998092651367
536.86294572216354,5.4000000953674316
536.89259592742451,9
536.92224548609681,4.6999998092651367
536.95189439805,6.5
536.98154266315362,4.4000000953674316
537.01119028127709,3.9000000953674316
537.04083725229009,4.3000001907348633
537.07048357606209,5.6999998092651367
537.10012925246258,6.3000001907348633
537.12977428136128,6.4000000953674316
537.15941866262767,1.1000000238418579
537.18906239613125,6.9000000953674316
537.218705481742,11.100000381469727
537.248347919329,1
537.27798970876222,6
537.30763084991111,1.2999999523162842
537.33727134264552,3.5999999046325684
537.36691118683507,3.0999999046325684
537.39655038234923,7.0999999046325684
537.42618892905784,5.5
537.4558268268305,5.5
537.48546407553681,5.9000000953674316
537.51510067504671,4.8000001907348633
537.5447366252298,7.5
537.5743719259558,7
537.60400657709454,3.9000000953674316
537.6336405785155,4.5
537.66327393008874,4.5
537.69290663168385,4.6999998092651367
537.72253868317057,7.5
537.75217008441894,5.3000001907348633
537.78180083529855,0.699999988079071
537.81143093567914,4.4000000953674316
537.84106038543075,2
537.870689184423,0.800000011920929
537.900317332526,4.8000001907348633
537.92994482960921,1.1000000238418579
537.95957167554286,8.1999998092651367
537.98919787019668,3.4000000953674316
538.01882341344049,5.4000000953674316
538.04844830514423,5.8000001907348633
538.07807254517775,5.9000000953674316
538.107696133411,1.7000000476837158
538.13731906971407,3.5
538.16694135395664,1.8999999761581421
538.19656298600876,5.5999999046325684
538.22618396574057,-1.3999999761581421
538.25580429302158,5.4000000953674316
538.28542396772218,1
538.3150429897122,3
538.34466135886169,5
538.37427907504048,3.2000000476837158
538.40389613811885,1
538.43351254796664,5.0999999046325684
538.463128304454,4.3000001907348633
538.49274340745092,3.7000000476837158
538.52235785682751,3.7000000476837158
538.55197165245374,-0.40000000596046448
538.5815847941999,6.0999999046325684
538.6111972819358,3.4000000953674316
538.64080911553162,7.4000000953674316
538.67042029485765,3.2999999523162842
538.70003081978393,1.2000000476837158
538.72964069018042,4.3000001907348633
538.7592499059175,5.6999998092651367
538.78885846686512,11.699999809265137
538.81846637289368,4.3000001907348633
538.84807362387312,5.8000001907348633
538.87768021967383,2.5999999046325684
538.90728616016577,7.3000001907348633
538.93689144521943,8.3999996185302734
538.96649607470488,9.1999998092651367
538.99610004849228,7.1999998092651367
539.025703366452,3.5
539.05530602845431,3.4000000953674316
539.08490803436928,3
539.11450938406733,1
539.14411007741865,4.5
539.17371011429373,2.9000000953674316
539.20330949456252,1.5
539.23290821809576,7.8000001907348633
539.26250628476339,1.2999999523162842
539.29210369443592,6.1999998092651367
539.32170044698375,4.9000000953674316
539.35129654227728,5.6999998092651367
539.38089198018668,7.5999999046325684
539.41048676058244,-2
539.44008088333476,8.1000003814697266
539.46967434831436,3.4000000953674316
539.49926715539141,4.3000001907348633
539.52885930443642,2.7999999523162842
539.55845079531991,5.5999999046325684
539.588041627912,7.8000001907348633
539.61763180208357,3.5
539.64722131770475,3.7000000476837158
539.67681017464622,0.699999988079071
539.70639837277838,4.1999998092651367
539.73598591197174,7.0999999046325684
539.76557279209669,1.3999999761581421
539.79515901302386,5.9000000953674316
539.82474457462376,2.4000000953674316
539.85432947676691,4.5
539.88391371932391,4.8000001907348633
539.91349730216518,-1.1000000238418579
539.94308022516145,4.9000000953674316
539.97266248818323,4.0999999046325684
540.00224409110115,4.5
540.03182503378559,3
540.06140531610754,3.9000000953674316
540.09098493793738,4.8000001907348633
540.12056389914574,4.8000001907348633
540.15014219960335,8.3000001907348633
540.17971983918073,6.4000000953674316
540.20929681774862,5.9000000953674316
540.23887313517776,10
540.26844879133887,6.4000000953674316
540.29802378610248,3.0999999046325684
540.32759811933931,4.0999999046325684
540.35717179092023,8.1999998092651367
540.38674480071586,7.8000001907348633
540.416317148597,3.4000000953674316
540.4458888344343,6.4000000953674316
540.47545985809859,4.6999998092651367
540.50503021946054,4.5999999046325684
540.53459991839111,4.6999998092651367
540.564168954761,6.6999998092651367
540.59373732844108,3
540.623305039302,6.5999999046325684
540.65287208721463,6.3000001907348633
540.68243847205,7.0999999046325684
540.71200419367869,3
540.74156925197178,5.6999998092651367
540.7711336468,2.7999999523162842
540.80069737803422,2.7999999523162842
540.83026044554538,7.5999999046325684
540.85982284920442,5.9000000953674316
540.88938458888208,1.7000000476837158
540.91894566444955,5.3000001907348633
540.94850607577757,7.8000001907348633
540.97806582273722,5.3000001907348633
541.00762490519924,4.3000001907348633
541.0371833230347,6.5999999046325684
541.06674107611457,6.5
541.09629816431,6.1999998092651367
541.12585458749174,3.4000000953674316
541.15541034553087,2.5
541.18496543829838,6.3000001907348633
541.21451986566547,3
541.2440736275031,-0.30000001192092896
541.27362672368224,4.9000000953674316
541.303179154074,3.2999999523162842
541.33273091854937,7.0999999046325684
541.36228201697952,3.2999999523162842
541.39183244923549,3
541.4213822151886,2.2000000476837158
541.45093131470958,5.1999998092651367
541.48047974766985,3
541.5100275139406,6.1999998092651367
541.53957461339257,3.5
541.56912104589742,6.5999999046325684
541.59866681132587,4.4000000953674316
541.62821190954946,5.4000000953674316
541.65775634043916,5.1999998092651367
541.68730010386628,8.3999996185302734
541.71684319970211,7.5999999046325684
541.74638562781752,13.199999809265137
541.77592738808414,7.8000001907348633
541.80546848037307,5.9000000953674316
541.83500890455537,4.5999999046325684
541.86454866050269,6.4000000953674316
541.894087748086,0.699999988079071
541.92362616717674,7.6999998092651367
541.95316391764607,3
541.98270099936553,6
542.01223741220622,8.6000003814697266
542.04177315603954,0.40000000596046448
542.0713082307368,4
542.10084263616943,8.1999998092651367
542.13037637220884,5.8000001907348633
542.15990943872623,8.1999998092651367
542.18944183559313,2.0999999046325684
542.21897356268084,10.5
542.2485046198608,2
542.27803500700452,4.5
542.30756472398321,7.4000000953674316
542.3370937706685,5.5
542.36662214693183,6
542.39614985264461,3.0999999046325684
542.42567688767838,5.8000001907348633
542.45520325190444,6.3000001907348633
542.48472894519443,4.0999999046325684
542.5142539674199,14.100000381469727
542.54377831845227,6.4000000953674316
542.57330199816306,6.9000000953674316
542.60282500642381,2
542.63234734310618,9.8000001907348633
542.66186900808168,1.2000000476837158
542.69139000122175,2.5
542.72091032239814,9.5
542.75042997148239,9.6000003814697266
542.779948948346,6.4000000953674316
542.80946725286071,5.9000000953674316
542.83898488489808,3.0999999046325684
542.8685018443299,6
542.89801813102758,4.1999998092651367
542.9275337448629,6.6999998092651367
542.95704868570749,6.0999999046325684
542.98656295343312,6.8000001907348633
543.01607654791121,9
543.045589469014,8.6999998092651367
543.07510171661261,3.7999999523162842
543.1046132905791,7.4000000953674316
543.13412419078509,1.8999999761581421
543.16363441710246,8.1000003814697266
543.19314396940274,5.3000001907348633
543.22265284755781,4.3000001907348633
543.25216105143966,5.1999998092651367
543.2816685809197,6.0999999046325684
543.31117543586993,6.6999998092651367
543.34068161616221,7.1999998092651367
543.37018712166821,2.7000000476837158
543.39969195225979,9
543.429196107809,4.4000000953674316
543.45869958818753,6.1999998092651367
543.48820239326722,5.1999998092651367
543.51770452292,12.300000190734863
543.54720597701771,7
543.57670675543227,3.5
543.60620685803565,3.9000000953674316
543.63570628469961,8.5
543.66520503529625,5.3000001907348633
543.69470310969757,6.1999998092651367
543.72420050777532,10.300000190734863
543.7536972294015,6.8000001907348633
543.78319327444831,6.0999999046325684
543.81268864278741,8.1999998092651367
543.842183334291,6.5999999046325684
543.8716773488311,5.8000001907348633
543.90117068627956,7.1999998092651367
543.9306633465086,11
543.9601553293902,9.1999998092651367
543.98964663479637,3.7000000476837158
544.0191372625992,9
544.04862721267079,9.1999998092651367
544.07811648488314,4.4000000953674316
544.10760507910845,8
544.13709299521872,10.199999809265137
544.16658023308628,7.6999998092651367
544.19606679258311,7.4000000953674316
544.22555267358121,10.600000381469727
544.255037875953,10.100000381469727
544.28452239957051,8
544.31400624430592,6.8000001907348633
544.34348941003134,5.8000001907348633
544.37297189661911,8.8999996185302734
544.40245370394143,3.2000000476837158
544.43193483187042,6.5999999046325684
544.46141528027829,6
544.49089504903748,4.1999998092651367
544.52037413802009,6.5999999046325684
544.54985254709823,9.6999998092651367
544.57933027614456,11
544.608807325031,-0.40000000596046448
544.63828369363011,4
544.66775938181388,7.8000001907348633
544.697234389455,5.6999998092651367
544.72670871642561,8.8000001907348633
544.756182362598,3.2999999523162842
544.78565532784478,10.300000190734863
544.81512761203783,6.5999999046325684
544.84459921505,1.7999999523162842
544.87407013675352,6
544.9035403770207,4.6999998092651367
544.93300993572393,5.3000001907348633
544.96247881273587,6.8000001907348633
544.99194700792873,8.6999998092651367
545.021414521175,7.3000001907348633
545.05088135234712,10.199999809265137
545.08034750131753,10.199999809265137
545.10981296795876,6.9000000953674316
545.13927775214324,0.60000002384185791
545.16874185374354,5.5
545.19820527263209,9.5
545.22766800868158,6.4000000953674316
545.25713006176431,7.6999998092651367
545.28659143175287,9.3999996185302734
545.31605211851991,6.5999999046325684
545.345512121938,8.6999998092651367
545.37497144187955,7.8000001907348633
545.40443007821739,7.9000000953674316
545.43388803082394,6.6999998092651367
545.46334529957164,9.6000003814697266
545.49280188433352,10.300000190734863
545.522257784982,5
545.55171300138966,9.6000003814697266
545.58116753342927,3.2000000476837158
545.6106213809735,5.5
545.6400745438948,6.0999999046325684
545.66952702206606,2.7000000476837158
545.69897881536,7.5
545.72842992364929,7.4000000953674316
545.75788034680647,5.4000000953674316
545.78733008470454,6.5
545.81677913721614,4.9000000953674316
545.846227504214,4.3000001907348633
545.87567518557091,7.4000000953674316
545.90512218115964,9.5
545.93456849085294,7.5
545.96401411452359,7.1999998092651367
545.9934590520445,5.5
546.02290330328833,4.9000000953674316
546.0523468681281,3.9000000953674316
546.08178974643658,9.6999998092651367
546.11123193808658,3.9000000953674316
546.140673442951,1.7999999523162842
546.17011426090266,6.6999998092651367
546.19955439181456,6.8000001907348633
546.22899383555955,5.1999998092651367
546.25843259201054,4.0999999046325684
546.28787066104042,3.7999999523162842
546.31730804252209,2.2999999523162842
546.34674473632856,7.8000001907348633
546.37618074233285,14.199999809265137
546.40561606040785,11.399999618530273
546.43505069042646,8.6999998092651367
546.46448463226182,19.399999618530273
546.49391788578669,13.199999809265137
546.52335045087443,18.799999237060547
546.55278232739772,17.5
546.5822135152298,7.6999998092651367
546.61164401424367,12
546.64107382431246,3.0999999046325684
546.67050294530907,2.4000000953674316
546.69993137710674,5.1999998092651367
546.72935911957836,5
546.75878617259718,4.5999999046325684
546.78821253603644,5.5
546.81763820976892,0.89999997615814209
546.84706319366808,6
546.87648748760694,6.5999999046325684
546.90591109145851,3.0999999046325684
546.93533400509625,5.5
546.96475622839318,9
546.99417776122243,4.8000001907348633
547.02359860345734,6
547.053018754971,6.9000000953674316
547.08243821563678,4.4000000953674316
547.11185698532779,2.2999999523162842
547.14127506391742,9.8000001907348633
547.17069245127868,0
547.200109147285,8.3999996185302734
547.22952515180975,3.9000000953674316
547.258940464726,7.5999999046325684
547.28835508590726,5.3000001907348633
547.31776901522687,6.5
547.3471822525579,8.6000003814697266
547.37659479777392,6.3000001907348633
547.40600665074817,6.1999998092651367
547.43541781135411,5.1999998092651367
547.464828279465,6
547.49423805495428,5.5999999046325684
547.52364713769532,8.8999996185302734
547.55305552756158,5.5999999046325684
547.58246322442642,8.8999996185302734
547.6118702281633,9.6000003814697266
547.64127653864568,6.8000001907348633
547.67068215574693,7.0999999046325684
547.70008707934062,6.5
547.72949130930022,7.4000000953674316
547.75889484549907,6.5999999046325684
547.78829768781077,9
547.817699836109,5.5
547.847101290267,6.4000000953674316
547.87650205015836,8.3999996185302734
547.90590211565666,6.9000000953674316
547.93530148663558,4.9000000953674316
547.96470016296848,3.5999999046325684
547.99409814452906,2.4000000953674316
548.0234954311909,3.7999999523162842
548.05289202282756,4.6999998092651367
548.08228791931265,4.0999999046325684
548.11168312052,2
548.14107762632284,5
548.17047143659511,7.9000000953674316
548.19986455121045,6.0999999046325684
548.22925697004234,8.8999996185302734
548.2586486929647,6.5999999046325684
548.2880397198511,7.4000000953674316
548.31743005057524,7.8000001907348633
548.34681968501093,2.5
548.37620862303174,4.5999999046325684
548.40559686451149,2.4000000953674316
548.434984409324,1.3999999761581421
548.4643712573428,4.5999999046325684
548.493757408442,2.2000000476837158
548.52314286249509,8
548.552527619376,3.4000000953674316
548.58191167895848,7.9000000953674316
548.61129504111648,1.2000000476837158
548.64067770572353,2.9000000953674316
548.67005967265379,3.5999999046325684
548.699440941781,7.1999998092651367
548.72882151297893,9
548.75820138612164,1.7000000476837158
548.7875805610829,8.1999998092651367
548.81695903773664,2.0999999046325684
548.84633681595665,5.5999999046325684
548.875713895617,8.1000003814697266
548.90509027659152,10.899999618530273
548.93446595875423,9.1000003814697266
548.963840941979,1.6000000238418579
548.99321522614,9.5
549.022588811111,5.0999999046325684
549.05196169676594,10.199999809265137
549.081333882979,8.3999996185302734
549.11070536962427,1.6000000238418579
549.14007615657556,4.3000001907348633
549.16944624370683,3.0999999046325684
549.19881563089234,6.5
549.22818431800624,5.8000001907348633
549.25755230492223,7.8000001907348633
549.28691959151467,7.0999999046325684
549.31628617765762,3.7000000476837158
549.34565206322509,9.6999998092651367
549.37501724809135,8.1000003814697266
549.40438173213033,3.5999999046325684
549.43374551521629,7.5
549.46310859722337,3.4000000953674316
549.49247097802572,5.4000000953674316
549.5218326574975,5.1999998092651367
549.551193635513,4.6999998092651367
549.58055391194625,6.1999998092651367
549.60991348667153,7.9000000953674316
549.639272359563,0.699999988079071
549.66863053049519,5.3000001907348633
549.697987999342,5.9000000953674316
549.7273447659777,4.8000001907348633
549.75670083027671,8.1999998092651367
549.78605619211328,6.6999998092651367
549.81541085136166,4
549.84476480789613,6.0999999046325684
549.874118061591,4.8000001907348633
549.90347061232058,4.4000000953674316
549.93282245995931,9.6999998092651367
549.96217360438152,5.9000000953674316
549.99152404546157,4.1999998092651367
550.02087378307363,-0.5
550.05022281709228,3.5999999046325684
550.0795711473919,7.6999998092651367
550.10891877384688,5.3000001907348633
550.13826569633159,9.8999996185302734
550.16761191472051,8
550.196957428888,7.3000001907348633
550.22630223870863,3.4000000953674316
550.25564634405669,4.3000001907348633
550.28498974480681,5.3000001907348633
550.3143324408336,4
550.3436744320112,2
550.37301571821433,3.2999999523162842
550.40235629931749,5.5
550.43169617519527,8.6000003814697266
550.461035345722,7.5999999046325684
550.49037381077255,4.3000001907348633
550.51971157022126,7.5999999046325684
550.54904862394278,11.199999809265137
550.57838497181172,4.6999998092651367
550.60772061370267,1.7000000476837158
550.63705554949013,4.8000001907348633
550.66638977904893,2.2999999523162842
550.69572330225355,7
550.72505611897873,10.899999618530273
550.754388229099,8.5
550.78371963248924,8.1000003814697266
550.81305032902389,9
550.84238031857785,7.6999998092651367
550.87170960102571,9.3999996185302734
550.90103817624231,4.3000001907348633
550.93036604410224,4.5999999046325684
550.95969320448023,7.5999999046325684
550.98901965725122,6.6999998092651367
551.0183454022897,6.9000000953674316
551.04767043947083,5.8000001907348633
551.076994768669,7.4000000953674316
551.10631838975917,6.1999998092651367
551.13564130261625,1.2999999523162842
551.164963507115,9.1999998092651367
551.19428500313018,7.3000001907348633
551.22360579053657,4.3000001907348633
551.25292586920932,6.3000001907348633
551.282245239023,8.3000001907348633
551.31156389985279,4
551.34088185157327,3.7999999523162842
551.37019909405956,7.3000001907348633
551.39951562718647,3.0999999046325684
551.42883145082885,7.8000001907348633
551.45814656486186,4.5
551.48746096916045,4.8000001907348633
551.51677466359934,3.2000000476837158
551.54608764805369,5.8000001907348633
551.57539992239833,5.8000001907348633
551.60471148650856,-0.60000002384185791
551.634022340259,5.1999998092651367
551.663332483525,8.1000003814697266
551.6926419161814,4.4000000953674316
551.72195063810341,3.9000000953674316
551.751258649166,6.5
551.78056594924408,6.5
551.80987253821309,10.399999618530273
551.83917841594769,8
551.86848358232339,-0.699999988079071
551.89778803721492,3.9000000953674316
551.92709178049779,8.5
551.95639481204694,3.5
551.98569713173742,10.699999809265137
552.01499873944465,8.5
552.04429963504356,7.4000000953674316
552.07359981840943,3.2000000476837158
552.10289928941768,7
552.13219804794312,7.1999998092651367
552.16149609386116,7.6999998092651367
552.19079342704708,2.7000000476837158
552.22009004737617,4.4000000953674316
552.24938595472361,5.1999998092651367
552.27868114896455,4.5
552.30797562997441,2.7999999523162842
552.33726939762857,4.9000000953674316
552.36656245180211,1.8999999761581421
552.39585479237041,8
552.42514641920889,6.9000000953674316
552.45443733219292,3.4000000953674316
552.4837275311977,3.9000000953674316
552.51301701609873,4.9000000953674316
552.54230578677129,2.7000000476837158
552.5715938430908,-0.60000002384185791
552.60088118493263,-3
552.6301678121722,5.5999999046325684
552.659453724685,5.5
552.68873892234637,2.5999999046325684
552.71802340503189,7.5
552.74730717261684,8.5
552.77659022497687,5.6999998092651367
552.80587256198737,4.8000001907348633
552.83515418352374,4.5
552.86443508946161,4.5999999046325684
552.89371527967648,3.9000000953674316
552.92299475404388,3.0999999046325684
552.95227351243932,6.1999998092651367
552.98155155473842,5
553.01082888081658,7.0999999046325684
553.04010549054954,7.1999998092651367
553.06938138381292,6.5
553.09865656048214,2.2999999523162842
553.12793102043292,8
553.15720476354079,3.9000000953674316
553.18647778968159,5.1999998092651367
553.21575009873084,7.6999998092651367
553.24502169056416,8.3000001907348633
553.27429256505729,6.6999998092651367
553.30356272208587,2.0999999046325684
553.33283216152563,4.3000001907348633
553.36210088325231,11.300000190734863
553.39136888714143,2.4000000953674316
553.42063617306894,5.5
553.44990274091049,9
553.47916859054192,2.2000000476837158
553.50843372183886,5.1999998092651367
553.53769813467716,9.5
553.56696182893268,3.0999999046325684
553.596224804481,6
553.62548706119821,5.4000000953674316
553.65474859895994,4.1999998092651367
553.68400941764219,0.5
553.71326951712058,4.3000001907348633
553.7425288972712,5.1999998092651367
553.77178755796979,5.0999999046325684
553.80104549909231,4.0999999046325684
553.83030272051462,5
553.85955922211258,9
553.88881500376215,10.100000381469727
553.91807006533929,8.1000003814697266
553.94732440672,-3.2999999523162842
553.97657802778008,7
554.00583092839543,3.5999999046325684
554.03508310844245,3.7000000476837158
554.06433456779666,5.3000001907348633
554.09358530633438,5.1999998092651367
554.12283532393155,4.9000000953674316
554.152084620464,9.1999998092651367
554.18133319580807,5.6999998092651367
554.21058104983967,8.3999996185302734
554.23982818243485,4.6999998092651367
554.26907459346955,7.0999999046325684
554.29832028282021,5
554.32756525036268,7
554.356809495973,6.4000000953674316
554.38605301952759,7.3000001907348633
554.41529582090232,4.3000001907348633
554.4445378999734,0.30000001192092896
554.473779256617,4.5
554.50301989070942,6.6999998092651367
554.53225980212665,0.89999997615814209
554.561498990745,2.4000000953674316
554.59073745644071,8.1999998092651367
554.61997519908971,7.1999998092651367
554.64921221856866,2.2999999523162842
554.67844851475354,5.0999999046325684
554.70768408752065,8
554.73691893674629,9.3000001907348633
554.76615306230667,0.40000000596046448
554.79538646407821,7.5
554.82461914193709,5.4000000953674316
554.85385109575964,4.5
554.88308232542238,2.2999999523162842
554.91231283080128,3.9000000953674316
554.941542611773,8.3999996185302734
554.97077166821384,4.5
555,6.5999999046325684
555.02922760700812,2.7999999523162842
555.05845448911441,8
555.08768064619539,6.9000000953674316
555.1169060781275,2.9000000953674316
555.146130784787,-1.7999999523162842
555.17535476605053,6.4000000953674316
555.20457802179453,-0.20000000298023224
555.23380055189546,1.2999999523162842
555.26302235622961,6.3000001907348633
555.29224343467365,5.6999998092651367
555.32146378710422,4.3000001907348633
555.35068341339752,2.9000000953674316
555.37990231343031,3.5999999046325684
555.40912048707912,3.0999999046325684
555.43833793422039,1.3999999761581421
555.46755465473086,5.0999999046325684
555.496770648487,6.8000001907348633
555.52598591536537,6.5
555.55520045524247,7.0999999046325684
555.58441426799527,7.4000000953674316
555.61362735350008,9.1000003814697266
555.64283971163366,4
555.67205134227265,4.5
555.70126224529383,2.0999999046325684
555.73047242057373,6.1999998092651367
555.759681867989,5.1999998092651367
555.7888905874164,7
555.8180985787327,5.4000000953674316
555.84730584181455,5
555.8765123765387,4.3000001907348633
555.90571818278192,7.5
555.934923260421,2.7999999523162842
555.96412760933265,3.4000000953674316
555.99333122939379,7.1999998092651367
556.02253412048094,5.6999998092651367
556.05173628247121,6
556.08093771524125,2.9000000953674316
556.11013841866793,4.5999999046325684
556.13933839262813,6.0999999046325684
556.16853763699862,5
556.19773615165639,5.8000001907348633
556.22693393647819,6.5
556.25613099134114,4.9000000953674316
556.28532731612188,5.1999998092651367
556.31452291069741,2.7999999523162842
556.34371777494471,3.2999999523162842
556.37291190874089,6.0999999046325684
556.40210531196249,5.4000000953674316
556.43129798448683,6.1999998092651367
556.4604899261908,3.2999999523162842
556.48968113695128,6.5
556.51887161664524,1.1000000238418579
556.54806136514992,0.800000011920929
556.5772503823423,2.5999999046325684
556.60643866809937,5
556.635626222298,3.9000000953674316
556.66481304481567,6.0999999046325684
556.693999135529,4.8000001907348633
556.72318449431532,1.6000000238418579
556.75236912105174,1
556.78155301561537,3.9000000953674316
556.8107361778832,6.0999999046325684
556.83991860773244,5.5999999046325684
556.86910030504043,6.0999999046325684
556.898281269684,2.4000000953674316
556.92746150154062,3.0999999046325684
556.95664100048725,7.5
556.98581976640128,7.6999998092651367
557.01499779915969,7.9000000953674316
557.04417509863993,5.0999999046325684
557.07335166471921,5.5999999046325684
557.10252749727454,9.5
557.13170259618346,5.0999999046325684
557.16087696132308,1.1000000238418579
557.19005059257086,4.5999999046325684
557.21922348980377,4.4000000953674316
557.24839565289938,5.1999998092651367
557.277567081735,4.0999999046325684
557.3067377761879,5
557.33590773613537,2.7000000476837158
557.36507696145486,1
557.39424545202371,5.8000001907348633
557.42341320771936,7.0999999046325684
557.452580228419,1
557.48174651400029,8
557.51091206434046,5.8000001907348633
557.54007687931721,4.4000000953674316
557.56924095880765,1.8999999761581421
557.59840430268935,5.6999998092651367
557.62756691083985,1.3999999761581421
557.65672878313649,8
557.68588991945694,9.3999996185302734
557.71505031967865,5
557.744209983679,5.1999998092651367
557.77336891133575,4.9000000953674316
557.80252710252626,4
557.831684557128,2.7000000476837158
557.86084127501886,5.1999998092651367
557.88999725607607,3.2999999523162842
557.91915250017746,2.5
557.94830700720058,2
557.97746077702288,4.0999999046325684
558.00661380952226,3.4000000953674316
558.03576610457617,3.7999999523162842
558.06491766206227,5.6999998092651367
558.09406848185824,7
558.12321856384187,5.6999998092651367
558.15236790789061,2.7999999523162842
558.18151651388246,1.7999999523162842
558.21066438169487,4.9000000953674316
558.23981151120563,5
558.26895790229275,5.3000001907348633
558.29810355483346,4.5999999046325684
558.327248468706,1.7999999523162842
558.35639264378779,7.0999999046325684
558.38553607995686,5.3000001907348633
558.414678777091,5.1999998092651367
558.44382073506779,0.800000011920929
558.47296195376532,7.3000001907348633
558.50210243306128,8.1000003814697266
558.53124217283357,3.5
558.56038117296,3.7000000476837158
558.58951943331851,5.5
558.61865695378685,6.4000000953674316
558.647793734243,1.6000000238418579
558.676929774565,3.2999999523162842
558.70606507463071,10.5
558.735199634318,3.0999999046325684
558.76433345350472,5.9000000953674316
558.79346653206881,3.5
558.82259886988857,4.8000001907348633
558.85173046684167,2
558.88086132280625,5.1999998092651367
558.90999143766032,3
558.9391208112819,6.6999998092651367
558.96824944354887,2.5999999046325684
558.99737733433938,6.4000000953674316
559.02650448353165,5
559.05563089100337,5.6999998092651367
559.08475655663312,4.9000000953674316
559.11388148029846,6.4000000953674316
559.143005661878,9.5
559.17212910124942,3
559.20125179829108,4.0999999046325684
559.23037375288118,3.7000000476837158
559.25949496489784,3.0999999046325684
559.288615434219,3.7000000476837158
559.317735160723,3.0999999046325684
559.34685414428827,4.4000000953674316
559.37597238479259,5.3000001907348633
559.40508988211457,0.89999997615814209
559.43420663613222,4.8000001907348633
559.46332264672378,5.1999998092651367
559.4924379137675,4.3000001907348633
559.52155243714162,6.8000001907348633
559.55066621672472,8.5
559.5797792523947,7.0999999046325684
559.60889154403014,5.8000001907348633
559.63800309150918,7.0999999046325684
559.66711389471027,4.0999999046325684
559.69622395351155,3.5
559.72533326779171,4.0999999046325684
559.75444183742889,9.8000001907348633
559.78354966230154,5.3000001907348633
559.81265674228791,2.0999999046325684
559.84176307726659,2.5999999046325684
559.87086866711593,7.9000000953674316
559.89997351171428,1.6000000238418579
559.92907761094023,7.3000001907348633
559.95818096467224,6.4000000953674316
559.98728357278856,4
560.01638543516788,6.3000001907348633
560.04548655168855,6.8000001907348633
560.07458692222917,8.5
560.10368654666831,4.5
560.13278542488433,9.3000001907348633
560.16188355675592,8.5
560.19098094216145,4.0999999046325684
560.22007758097971,5.4000000953674316
560.24917347308929,3.7999999523162842
560.27826861836843,3.4000000953674316
560.30736301669606,7.5
560.33645666795064,2.0999999046325684
560.3655495720111,4.0999999046325684
560.39464172875557,5.6999998092651367
560.42373313806308,4.1999998092651367
560.45282379981234,2.2999999523162842
560.48191371388168,5.5999999046325684
560.51100288015016,5
560.54009129849624,5.6999998092651367
560.56917896879872,3.5999999046325684
560.59826589093632,6
560.62735206478783,0.699999988079071
560.65643749023184,1.6000000238418579
560.68552216714738,7.9000000953674316
560.71460609541293,1
560.74368927490752,6.8000001907348633
560.77277170551,2.7999999523162842
560.80185338709884,1.1000000238418579
560.83093431955308,7.0999999046325684
560.86001450275171,6.5
560.88909393657332,8.1999998092651367
560.91817262089694,4.5999999046325684
560.94725055560139,3.2999999523162842
560.97632774056547,6
561.00540417566833,5.6999998092651367
561.03447986078868,1.7999999523162842
561.06355479580554,6
561.09262898059785,9.5
561.12170241504441,4.0999999046325684
561.15077509902437,5.5
561.17984703241666,2.7000000476837158
561.20891821510031,2.5999999046325684
561.23798864695414,5.6999998092651367
561.2670583278574,3
561.296127257689,5.9000000953674316
561.325195436328,7.6999998092651367
561.35426286365339,9.3999996185302734
561.38332953954443,3.5
561.41239546387988,3.2999999523162842
561.44146063653909,1.3999999761581421
561.47052505740123,6.4000000953674316
561.49958872634522,5.6999998092651367
561.5286516432501,4.6999998092651367
561.55771380799536,3.9000000953674316
561.58677522045991,3.4000000953674316
561.61583588052292,5.0999999046325684
561.64489578806365,3.4000000953674316
561.67395494296113,5.0999999046325684
561.70301334509486,2.5999999046325684
561.73207099434387,5.6999998092651367
561.76112789058732,2.7000000476837158
561.79018403370458,8.8000001907348633
561.8192394235748,3.7000000476837158
561.84829406007736,3.4000000953674316
561.87734794309154,1.7000000476837158
561.90640107249658,6.5999999046325684
561.93545344817176,6.6999998092651367
561.96450506999645,3.2000000476837158
561.99355593785,3
562.02260605161166,3.2000000476837158
562.05165541116082,5.5999999046325684
562.080704016377,4.6999998092651367
562.10975186713927,2.2000000476837158
562.1387989633273,4
562.16784530482039,5.5999999046325684
562.196890891498,5
562.22593572323944,6.9000000953674316
562.2549797999244,-1.3999999761581421
562.284023121432,6.3000001907348633
562.313065687642,5.9000000953674316
562.34210749843385,2.4000000953674316
562.37114855368679,4.5999999046325684
562.40018885328061,4.3000001907348633
562.42922839709468,3.5999999046325684
562.45826718500871,8.1999998092651367
562.487305216902,5.4000000953674316
562.51634249265419,5.0999999046325684
562.54537901214508,3.9000000953674316
562.57441477525379,4.3000001907348633
562.60344978186038,3.7999999523162842
562.63248403184423,5.0999999046325684
562.661517525085,1.7999999523162842
562.69055026146225,5.8000001907348633
562.71958224085574,5.9000000953674316
562.748613463145,2.2000000476837158
562.77764392821,6.6999998092651367
562.80667363593,6.8000001907348633
562.835702586185,7
562.86473077885455,3.4000000953674316
562.8937582138185,1.6000000238418579
562.92278489095656,8.3000001907348633
562.95181081014834,4.6999998092651367
562.9808359712739,4.5
563.00986037421262,6.4000000953674316
563.03888401884456,6.0999999046325684
563.06790690504943,3.2999999523162842
563.09692903270718,7.1999998092651367
563.12595040169731,9.3000001907348633
563.1549710119,5.4000000953674316
563.18399086319494,2.5
563.213009955462,5.9000000953674316
563.242028288581,4.3000001907348633
563.271045862432,6
563.30006267689464,2.7000000476837158
563.32907873184911,6.9000000953674316
563.3580940271753,1.6000000238418579
563.38710856275293,2.7000000476837158
563.41612233846206,4.0999999046325684
563.44513535418275,6
563.47414760979484,3.5
563.50315910517838,6.5999999046325684
563.53216984021356,2.5
563.56117981478,6.9000000953674316
563.590189028758,4
563.61919748202752,11.399999618530273
563.64820517446879,7.0999999046325684
563.67721210596153,2.7000000476837158
563.706218276386,3.7000000476837158
563.73522368562249,4.5999999046325684
563.76422833355082,7.5
563.79323222005121,0.5
563.82223534500372,5.3000001907348633
563.85123770828864,6.4000000953674316
563.88023930978591,6.5999999046325684
563.909240149376,3.5999999046325684
563.93824022693889,7.1999998092651367
563.9672395423546,2.0999999046325684
563.99623809550371,9.1000003814697266
564.02523588626627,1.1000000238418579
564.05423291452257,9.8000001907348633
564.08322918015267,4.9000000953674316
564.112224683037,7.5999999046325684
564.14121942305576,4.9000000953674316
564.17021340008932,3.2000000476837158
564.19920661401784,5.5
564.22819906472171,7.5
564.25719075208133,3.5999999046325684
564.28618167597688,3.5
564.31517183628876,0.30000001192092896
564.34416123289736,6.3000001907348633
564.3731498656831,9.1000003814697266
564.40213773452615,9.8999996185302734
564.43112483930724,5.0999999046325684
564.46011117990645,8.6000003814697266
564.48909675620439,6.4000000953674316
564.51808156808158,-0.699999988079071
564.54706561541821,9.3999996185302734
564.57604889809488,4.9000000953674316
564.60503141599224,5.6999998092651367
564.63401316899046,7.0999999046325684
564.66299415697029,4.1999998092651367
564.691974379812,10.100000381469727
564.72095383739634,5.5
564.74993252960383,5
564.77891045631486,5.5999999046325684
564.80788761741007,6.1999998092651367
564.83686401277021,3.7999999523162842
564.86583964227555,4.5999999046325684
564.89481450580706,5.0999999046325684
564.923788603245,5.8000001907348633
564.95276193447035,7.1999998092651367
564.98173449936337,8.1999998092651367
565.010706297805,4.6999998092651367
565.03967732967578,3.5
565.06864759485643,4
565.09761709322765,4.0999999046325684
565.1265858246702,2.5
565.1555537890647,3.2999999523162842
565.18452098629189,6.9000000953674316
565.21348741623251,5.6999998092651367
565.24245307876743,0.40000000596046448
565.27141797377749,4.5
565.3003821011431,4.6999998092651367
565.32934546074523,5
565.358308052465,2.5
565.38726987618281,6.1999998092651367
565.41623093177975,6.5999999046325684
565.4451912191364,4.0999999046325684
565.474150738134,7.3000001907348633
565.50310948865319,9.3000001907348633
565.53206747057482,6.6999998092651367
565.56102468377992,4
565.58998112814925,4.5999999046325684
565.618936803564,2.7000000476837158
565.6478917099048,7.3000001907348633
565.67684584705273,1.6000000238418579
565.70579921488888,3.7000000476837158
565.73475181329388,10.300000190734863
565.76370364214915,6.3000001907348633
565.79265470133555,5.4000000953674316
565.82160499073393,5.8000001907348633
565.85055451022538,6.8000001907348633
565.87950325969109,9.1000003814697266
565.908451239012,7.1999998092651367
565.93739844806908,3.9000000953674316
565.96634488674374,1.2999999523162842
565.99529055491655,6.4000000953674316
566.02423545246916,-0.30000001192092896
566.05317957928241,3.7999999523162842
566.08212293523741,3.0999999046325684
566.11106552021545,2
566.1400073340975,7.6999998092651367
566.16894837676489,4.3000001907348633
566.1978886480988,8
566.22682814798031,7.1999998092651367
566.25576687629075,0.5
566.2847048329113,7
566.31364201772317,3.9000000953674316
566.34257843060755,6
566.37151407144586,6.8000001907348633
566.4004489401193,6.5
566.42938303650919,9.8999996185302734
566.45831636049672,3
566.48724891196321,4.3000001907348633
566.51618069079018,3.5
566.54511169685884,5.9000000953674316
566.5740419300505,7.5999999046325684
566.60297139024658,-0.40000000596046448
566.6319000773284,7.9000000953674316
566.66082799117737,6.6999998092651367
566.689755131675,3.7999999523162842
566.71868149870261,0.89999997615814209
566.74760709214161,0.40000000596046448
566.77653191187358,3.9000000953674316
566.80545595777983,10.100000381469727
566.8343792297419,5.9000000953674316
566.86330172764133,5.6999998092651367
566.89222345135943,5.9000000953674316
566.92114440077785,7.1999998092651367
566.950064575778,2.9000000953674316
566.97898397624158,5.0999999046325684
567.00790260205,10.300000190734863
567.03682045308494,6.4000000953674316
567.06573752922793,4.1999998092651367
567.09465383036047,4.5999999046325684
567.12356935636421,8.6000003814697266
567.15248410712081,0.20000000298023224
567.18139808251192,4.1999998092651367
567.210311282419,4.3000001907348633
567.23922370672392,5.1999998092651367
567.26813535530823,6.6999998092651367
567.29704622805355,6.1999998092651367
567.32595632484163,0
567.35486564555436,2.4000000953674316
567.38377419007315,8.3999996185302734
567.4126819582799,0.30000001192092896
567.44158895005637,6
567.47049516528421,10
567.49940060384517,-2.9000000953674316
567.52830526562127,3.5999999046325684
567.55720915049415,4.8000001907348633
567.58611225834545,5.5999999046325684
567.61501458905718,7.4000000953674316
567.64391614251122,6.3000001907348633
567.67281691858932,7
567.70171691717337,0.800000011920929
567.73061613814525,6
567.75951458138672,9.3000001907348633
567.78841224678,0.10000000149011612
567.81730913420665,6.8000001907348633
567.84620524354887,3.0999999046325684
567.8751005746883,8.5
567.9039951275073,4.1999998092651367
567.9328889018874,5.8000001907348633
567.96178189771081,2.7999999523162842
567.99067411485953,4.0999999046325684
568.01956555321556,5.3000001907348633
568.04845621266077,3.4000000953674316
568.07734609307749,6.6999998092651367
568.10623519434739,3.2000000476837158
568.13512351635279,7
568.16401105897569,3.2999999523162842
568.19289782209819,7.3000001907348633
568.2217838056024,3
568.25066900937031,4.5999999046325684
568.27955343328415,5.0999999046325684
568.308437077226,8.3000001907348633
568.33731994107814,7.3000001907348633
568.36620202472261,1.7000000476837158
568.39508332804155,3.0999999046325684
568.42396385091729,5.6999998092651367
568.45284359323182,6
568.48172255486759,1.8999999761581421
568.51060073570659,3.4000000953674316
568.53947813563138,5.5999999046325684
568.56835475452385,4.5
568.59723059226656,5.0999999046325684
568.62610564874171,6.8000001907348633
568.65497992383132,6.5
568.68385341741816,5.5
568.71272612938424,5.8000001907348633
568.7415980596121,4.5
568.77046920798375,6.4000000953674316
568.79933957438186,3.9000000953674316
568.82820915868876,11
568.85707796078668,2.7000000476837158
568.88594598055806,5
568.91481321788558,6.5999999046325684
568.94367967265134,3.2999999523162842
568.9725453447378,5.9000000953674316
569.00141023402762,6.9000000953674316
569.03027434040314,10.199999809265137
569.0591376637467,8.3999996185302734
569.08800020394108,5.4000000953674316
569.11686196086862,6.8000001907348633
569.14572293441176,2.7999999523162842
569.17458312445331,2
569.20344253087546,3.4000000953674316
569.232301153561,6.3000001907348633
569.26115899239244,6.5999999046325684
569.29001604725227,5.1999998092651367
569.3188723180233,3
569.347727804588,6.1999998092651367
569.37658250682887,3.4000000953674316
569.40543642462887,5.5
569.43428955787022,7.3000001907348633
569.463141906436,4.3000001907348633
569.49199347020874,3.7999999523162842
569.520844249071,1.2999999523162842
569.54969424290562,6.0999999046325684
569.57854345159524,4.4000000953674316
569.60739187502281,8.1999998092651367
569.63623951307068,3.2999999523162842
569.66508636562185,8.1000003814697266
569.69393243255911,5.6999998092651367
569.72277771376514,6.5
569.75162220912273,2.2000000476837158
569.78046591851478,5.4000000953674316
569.809308841824,5.6999998092651367
569.8381509789333,5.4000000953674316
569.86699232972558,3.5
569.89583289408358,4.5
569.92467267189022,5.5999999046325684
569.95351166302839,5.8000001907348633
569.98234986738112,4.8000001907348633
570.01118728483107,6.4000000953674316
570.04002391526137,1.7999999523162842
570.06885975855494,6.5
570.09769481459455,8.1999998092651367
570.12652908326334,5.1999998092651367
570.15536256444432,6.3000001907348633
570.18419525802028,-0.30000001192092896
570.21302716387436,1.7000000476837158
570.24185828188968,5.4000000953674316
570.27068861194914,8
570.29951815393588,2.2999999523162842
570.32834690773279,4.5999999046325684
570.35717487322313,8.3000001907348633
570.38600205028979,1.3999999761581421
570.41482843881613,7.6999998092651367
570.443654038685,2.5
570.47247884977969,5.9000000953674316
570.50130287198328,4.9000000953674316
570.530126105179,8.1000003814697266
570.55894854924986,2.2999999523162842
570.58777020407911,4.5999999046325684
570.61659106955,6.8000001907348633
570.64541114554572,10
570.67423043194958,4.3000001907348633
570.70304892864453,4.6999998092651367
570.731866635514,-0.20000000298023224
570.76068355244126,2.4000000953674316
570.78949967930964,4.5999999046325684
570.81831501600232,8.1000003814697266
570.84712956240253,7.3000001907348633
570.87594331839375,5.9000000953674316
570.90475628385923,0.800000011920929
570.93356845868232,14.699999809265137
570.96237984274626,7.8000001907348633
570.99119043593464,2.9000000953674316
571.02000023813071,7.5
571.04880924921781,6.5999999046325684
571.07761746907943,4
571.10642489759891,5.5
571.13523153465985,2.7999999523162842
571.16403738014549,6.9000000953674316
571.1928424339394,3.2999999523162842
571.22164669592507,7.5999999046325684
571.25045016598585,-0.699999988079071
571.27925284400544,7.8000001907348633
571.30805472986719,3
571.3368558234547,3.5999999046325684
571.36565612465154,2.5999999046325684
571.39445563334118,3.2999999523162842
571.42325434940722,5.6999998092651367
571.45205227273323,3.2000000476837158
571.4808494032028,7.0999999046325684
571.50964574069963,9.1000003814697266
571.53844128510718,4.3000001907348633
571.56723603630917,6.0999999046325684
571.59602999418928,9.6000003814697266
571.6248231586311,2.7999999523162842
571.65361552951845,7.5999999046325684
571.68240710673479,6.3000001907348633
571.71119789016382,4.6999998092651367
571.73998787968958,5.8000001907348633
571.76877707519543,8.6000003814697266
571.79756547656518,3
571.82635308368287,2.7999999523162842
571.855139896432,8
571.88392591469631,7.1999998092651367
571.91271113835978,1.1000000238418579
571.94149556730611,8.3000001907348633
571.970279201419,0.800000011920929
571.99906204058254,5.4000000953674316
572.02784408468051,6.5
572.05662533359668,7.5999999046325684
572.08540578721488,6.4000000953674316
572.11418544541914,3.7999999523162842
572.14296430809338,5.4000000953674316
572.1717423751212,6.6999998092651367
572.200519646387,5.5
572.22929612177438,3.4000000953674316
572.25807180116738,4.9000000953674316
572.28684668445,6.0999999046325684
572.31562077150613,4.6999998092651367
572.34439406222,9.3999996185302734
572.37316655647533,9.3999996185302734
572.40193825415633,0.60000002384185791
572.430709155147,7.8000001907348633
572.45947925933126,5.6999998092651367
572.48824856659337,4.5999999046325684
572.51701707681718,7
572.54578478988708,6.8000001907348633
572.57455170568687,5.9000000953674316
572.60331782410083,8.6000003814697266
572.6320831450131,9.3999996185302734
572.66084766830772,3.4000000953674316
572.68961139386886,4.5999999046325684
572.71837432158077,-0.30000001192092896
572.74713645132772,3.2000000476837158
572.77589778299364,3.5999999046325684
572.80465831646279,7.5999999046325684
572.83341805161979,4
572.86217698834821,8.8000001907348633
572.8909351265329,4.9000000953674316
572.91969246605788,3.2999999523162842
572.94844900680732,1.2999999523162842
572.9772047486656,4.4000000953674316
573.00595969151721,5.1999998092651367
573.03471383524618,2.4000000953674316
573.063467179737,7.5
573.092219724874,3.2000000476837158
573.12097147054146,9.8000001907348633
573.14972241662383,4.4000000953674316
573.17847256300558,7
573.20722190957088,-0.5
573.23597045620431,6.9000000953674316
573.26471820279028,10.699999809265137
573.29346514921315,3.4000000953674316
573.32221129535742,3.5999999046325684
573.35095664110759,6.6999998092651367
573.379701186348,4.4000000953674316
573.40844493096347,6.3000001907348633
573.43718787483806,6.9000000953674316
573.46593001785664,3.0999999046325684
573.49467135990369,6.4000000953674316
573.52341190086349,4
573.552151640621,2.9000000953674316
573.58089057906045,10.699999809265137
573.60962871606671,6.6999998092651367
573.638366051524,4.4000000953674316
573.66710258531737,3.5
573.69583831733132,4.1999998092651367
573.72457324745028,10.100000381469727
573.75330737555907,11.800000190734863
573.78204070154243,3.5
573.810773225285,2.0999999046325684
573.83950494667124,6.8000001907348633
573.86823586558626,7.1999998092651367
573.89696598191438,5
573.92569529554066,6.5999999046325684
573.95442380634961,3.5999999046325684
573.98315151422628,7.8000001907348633
574.01187841905517,3.7999999523162842
574.0406045207211,4
574.06932981910916,9.6999998092651367
574.09805431410371,1.8999999761581421
574.12677800558993,8.1000003814697266
574.15550089345254,4.4000000953674316
574.1842229775765,3.5999999046325684
574.21294425784652,5.6999998092651367
574.24166473414766,7.8000001907348633
574.27038440636466,3.5
574.29910327438256,5.5999999046325684
574.32782133808621,7.9000000953674316
574.35653859736055,2.9000000953674316
574.38525505209066,4
574.41397070216124,6.9000000953674316
